biosampleaccn,organism,speciesname,contign50,sequencingtechnology,ftppath_genbank,ftppath_assembly_rpt,database,title,run_accession,assembly_accession,asm_fasta_on_osf,total_length,number,n50n
SAMD00093467,Bacteroidales bacterium,,13016,Illumina MiSeq,,,allthebacteria,Illumina MiSeq paired end sequencing of SAMD00093467,DRR101070,ERZ2886404,1.0,2521613.0,1070.0,60.0
SAMD00093469,Bacteroidales bacterium,,9981,Illumina MiSeq,,,allthebacteria,Illumina MiSeq paired end sequencing of SAMD00093469,DRR101072,ERZ2886405,1.0,271713.0,66.0,10.0
SAMD00093474,Bacteroidales bacterium,,11865,Illumina MiSeq,,,allthebacteria,Illumina MiSeq paired end sequencing of SAMD00093474,DRR101077,ERZ2886408,1.0,3024573.0,809.0,72.0
SAMD00093477,Bacteroidales bacterium,,16647,Illumina MiSeq,,,allthebacteria,Illumina MiSeq paired end sequencing of SAMD00093477,DRR101080,ERZ2886409,1.0,2012590.0,364.0,34.0
SAMD00093480,Bacteroidales bacterium,,6339,Illumina MiSeq,,,allthebacteria,Illumina MiSeq paired end sequencing of SAMD00093480,DRR101083,ERZ2886412,1.0,684170.0,345.0,29.0
SAMD00093482,Bacteroidales bacterium,,11243,Illumina MiSeq,,,allthebacteria,Illumina MiSeq paired end sequencing of SAMD00093482,DRR101085,ERZ2886414,1.0,2553233.0,1343.0,62.0
SAMD00093483,Bacteroidales bacterium,,16092,Illumina MiSeq,,,allthebacteria,Illumina MiSeq paired end sequencing of SAMD00093483,DRR101086,ERZ2886415,1.0,2641557.0,453.0,45.0
SAMD00093486,Bacteroidales bacterium,,22947,Illumina MiSeq,,,allthebacteria,Illumina MiSeq paired end sequencing of SAMD00093486,DRR101089,ERZ2886416,1.0,1289684.0,293.0,16.0
SAMD00093487,Bacteroidales bacterium,,11757,Illumina MiSeq,,,allthebacteria,Illumina MiSeq paired end sequencing of SAMD00093487,DRR101090,ERZ2900450,1.0,1802574.0,614.0,41.0
SAMD00093488,Bacteroidales bacterium,,13199,Illumina MiSeq,,,allthebacteria,Illumina MiSeq paired end sequencing of SAMD00093488,DRR101091,ERZ2886417,1.0,2728441.0,851.0,59.0
SAMD00093489,Bacteroidales bacterium,,15320,Illumina MiSeq,,,allthebacteria,Illumina MiSeq paired end sequencing of SAMD00093489,DRR101092,ERZ2886418,1.0,1648547.0,505.0,33.0
SAMD00093490,Bacteroidales bacterium,,15072,Illumina MiSeq,,,allthebacteria,Illumina MiSeq paired end sequencing of SAMD00093490,DRR101093,ERZ2900451,1.0,2370724.0,715.0,42.0
SAMD00093496,Bacteroidales bacterium,,92834,Illumina MiSeq,,,allthebacteria,Illumina MiSeq paired end sequencing of SAMD00093496,DRR101099,ERZ2886421,1.0,131647.0,9.0,1.0
SAMD00093497,Bacteroidales bacterium,,18010,Illumina MiSeq,,,allthebacteria,Illumina MiSeq paired end sequencing of SAMD00093497,DRR101100,ERZ2886422,1.0,419744.0,42.0,7.0
SAMD00093499,Bacteroidales bacterium,,17760,Illumina MiSeq,,,allthebacteria,Illumina MiSeq paired end sequencing of SAMD00093499,DRR101102,ERZ2886424,1.0,2828031.0,533.0,43.0
SAMD00093500,Bacteroidales bacterium,,10461,Illumina MiSeq,,,allthebacteria,Illumina MiSeq paired end sequencing of SAMD00093500,DRR101103,ERZ2886425,1.0,2958410.0,1403.0,82.0
SAMD00093502,Bacteroidales bacterium,,28268,Illumina MiSeq,,,allthebacteria,Illumina MiSeq paired end sequencing of SAMD00093502,DRR101105,ERZ2886426,1.0,2193012.0,274.0,26.0
SAMD00093504,Bacteroidales bacterium,,19005,Illumina MiSeq,,,allthebacteria,Illumina MiSeq paired end sequencing of SAMD00093504,DRR101107,ERZ2886427,1.0,2430121.0,384.0,38.0
SAMD00093505,Bacteroidales bacterium,,8097,Illumina MiSeq,,,allthebacteria,Illumina MiSeq paired end sequencing of SAMD00093505,DRR101108,ERZ2886428,1.0,1808848.0,876.0,60.0
SAMD00093507,Bacteroidales bacterium,,16802,Illumina MiSeq,,,allthebacteria,Illumina MiSeq paired end sequencing of SAMD00093507,DRR101110,ERZ2886429,1.0,2312828.0,647.0,41.0
SAMD00093508,Bacteroidales bacterium,,5571,Illumina MiSeq,,,allthebacteria,Illumina MiSeq paired end sequencing of SAMD00093508,DRR101111,ERZ2886430,1.0,837767.0,731.0,45.0
SAMD00093514,Bacteroidales bacterium,,26059,Illumina MiSeq,,,allthebacteria,Illumina MiSeq paired end sequencing of SAMD00093514,DRR101117,ERZ2886433,1.0,185289.0,22.0,3.0
SAMD00093515,Bacteroidales bacterium,,16557,Illumina MiSeq,,,allthebacteria,Illumina MiSeq paired end sequencing of SAMD00093515,DRR101118,ERZ2886434,1.0,2347897.0,616.0,45.0
SAMD00093517,Bacteroidales bacterium,,14877,Illumina MiSeq,,,allthebacteria,Illumina MiSeq paired end sequencing of SAMD00093517,DRR101120,ERZ2886435,1.0,1602864.0,385.0,33.0
SAMEA104167218,Bergeyella zoohelcum (CFB group bacteria),Bergeyella zoohelcum,885688,PacBio,ftp://ftp.ncbi.nlm.nih.gov/genomes/all/GCA/900/445/675/GCA_900445675.1_57530_G01,ftp://ftp.ncbi.nlm.nih.gov/genomes/all/GCF/900/445/675/GCF_900445675.1_57530_G01/GCF_900445675.1_57530_G01_assembly_report.txt,ncbi assembly,,,,,,,
SAMEA104224811,Segatella buccae (CFB group bacteria),Segatella buccae,2643339,PacBio,ftp://ftp.ncbi.nlm.nih.gov/genomes/all/GCA/900/454/855/GCA_900454855.1_57800_F01,ftp://ftp.ncbi.nlm.nih.gov/genomes/all/GCF/900/454/855/GCF_900454855.1_57800_F01/GCF_900454855.1_57800_F01_assembly_report.txt,ncbi assembly,,,,,,,
SAMEA104307710,Bergeyella zoohelcum (CFB group bacteria),Bergeyella zoohelcum,2360901,Pacbio,ftp://ftp.ncbi.nlm.nih.gov/genomes/all/GCA/900/618/195/GCA_900618195.1_NCTC12929,ftp://ftp.ncbi.nlm.nih.gov/genomes/all/GCF/900/618/195/GCF_900618195.1_NCTC12929/GCF_900618195.1_NCTC12929_assembly_report.txt,ncbi assembly,,,,,,,
SAMEA4362427,Bergeyella zoohelcum (CFB group bacteria),Bergeyella zoohelcum,2315243,PacBio,ftp://ftp.ncbi.nlm.nih.gov/genomes/all/GCA/900/445/655/GCA_900445655.1_51184_H02,ftp://ftp.ncbi.nlm.nih.gov/genomes/all/GCF/900/445/655/GCF_900445655.1_51184_H02/GCF_900445655.1_51184_H02_assembly_report.txt,ncbi assembly,,,,,,,
SAMEA43985668,Bacteroidales bacterium,,81793,Illumina HiSeq 2500,,,allthebacteria,Illumina HiSeq 2500 paired end sequencing,ERR2397317,ERZ9356882,1.0,2870055.0,84.0,11.0
SAMEA43992418,Bacteroidales bacterium,,79952,Illumina HiSeq 2500,,,allthebacteria,Illumina HiSeq 2500 paired end sequencing,ERR2397326,ERZ9357055,1.0,4378760.0,177.0,14.0
SAMEA43997668,Bacteroidales bacterium,,68782,Illumina HiSeq 2500,,,allthebacteria,Illumina HiSeq 2500 paired end sequencing,ERR2397333,ERZ9357066,1.0,4227936.0,400.0,17.0
SAMEA44006668,Bacteroidales bacterium,,80468,Illumina HiSeq 2500,,,allthebacteria,Illumina HiSeq 2500 paired end sequencing,ERR2397345,ERZ9357078,1.0,4366247.0,173.0,14.0
SAMEA44024668,Bacteroidales bacterium,,76715,Illumina HiSeq 2500,,,allthebacteria,Illumina HiSeq 2500 paired end sequencing,ERR2397370,ERZ9357110,1.0,4366110.0,181.0,15.0
SAMEA44025418,Bacteroidales bacterium,,76715,Illumina HiSeq 2500,,,allthebacteria,Illumina HiSeq 2500 paired end sequencing,ERR2397371,ERZ9357117,1.0,4365816.0,177.0,15.0
SAMEA44038168,Bacteroidales bacterium,,36698,Illumina HiSeq 2500,,,allthebacteria,Illumina HiSeq 2500 paired end sequencing,ERR2397388,ERZ9357136,1.0,4021037.0,249.0,35.0
SAMEA44038918,Bacteroidales bacterium,,376384,Illumina HiSeq 2500,,,allthebacteria,Illumina HiSeq 2500 paired end sequencing,ERR2397389,ERZ9357139,1.0,2327231.0,24.0,2.0
SAMEA5849618,Bacteroidales bacterium (CFB group bacteria),Bacteroidales bacterium,347153,Illumina,ftp://ftp.ncbi.nlm.nih.gov/genomes/all/GCA/902/363/425/GCA_902363425.1_MGYG-HGUT-00117,ftp://ftp.ncbi.nlm.nih.gov/genomes/all/GCF/902/363/425/GCF_902363425.1_MGYG-HGUT-00117/GCF_902363425.1_MGYG-HGUT-00117_assembly_report.txt,ncbi assembly,,,,,,,
SAMEA5849670,Bacteroidales bacterium (CFB group bacteria),Bacteroidales bacterium,397544,Illumina,ftp://ftp.ncbi.nlm.nih.gov/genomes/all/GCA/902/363/995/GCA_902363995.1_MGYG-HGUT-00168,ftp://ftp.ncbi.nlm.nih.gov/genomes/all/GCF/902/363/995/GCF_902363995.1_MGYG-HGUT-00168/GCF_902363995.1_MGYG-HGUT-00168_assembly_report.txt,ncbi assembly,,,,,,,
SAMEA5849676,Bacteroidales bacterium (CFB group bacteria),Bacteroidales bacterium,318243,Illumina,ftp://ftp.ncbi.nlm.nih.gov/genomes/all/GCA/902/364/035/GCA_902364035.1_MGYG-HGUT-00174,ftp://ftp.ncbi.nlm.nih.gov/genomes/all/GCF/902/364/035/GCF_902364035.1_MGYG-HGUT-00174/GCF_902364035.1_MGYG-HGUT-00174_assembly_report.txt,ncbi assembly,,,,,,,
SAMEA5849685,Bacteroidales bacterium (CFB group bacteria),Bacteroidales bacterium,213880,Illumina,ftp://ftp.ncbi.nlm.nih.gov/genomes/all/GCA/902/364/125/GCA_902364125.1_MGYG-HGUT-00183,ftp://ftp.ncbi.nlm.nih.gov/genomes/all/GCF/902/364/125/GCF_902364125.1_MGYG-HGUT-00183/GCF_902364125.1_MGYG-HGUT-00183_assembly_report.txt,ncbi assembly,,,,,,,
SAMEA5849724,Bacteroidales bacterium (CFB group bacteria),Bacteroidales bacterium,93171,Illumina,ftp://ftp.ncbi.nlm.nih.gov/genomes/all/GCA/902/364/495/GCA_902364495.1_MGYG-HGUT-00222,ftp://ftp.ncbi.nlm.nih.gov/genomes/all/GCF/902/364/495/GCF_902364495.1_MGYG-HGUT-00222/GCF_902364495.1_MGYG-HGUT-00222_assembly_report.txt,ncbi assembly,,,,,,,
SAMEA5851015,Bacteroidales bacterium (CFB group bacteria),Bacteroidales bacterium,159458,Illumina,ftp://ftp.ncbi.nlm.nih.gov/genomes/all/GCA/902/375/765/GCA_902375765.1_MGYG-HGUT-01512,ftp://ftp.ncbi.nlm.nih.gov/genomes/all/GCF/902/375/765/GCF_902375765.1_MGYG-HGUT-01512/GCF_902375765.1_MGYG-HGUT-01512_assembly_report.txt,ncbi assembly,,,,,,,
SAMEA5851923,Bacteroidales bacterium (CFB group bacteria),Bacteroidales bacterium,1047581,Illumina,ftp://ftp.ncbi.nlm.nih.gov/genomes/all/GCA/902/386/905/GCA_902386905.1_UHGG_MGYG-HGUT-02418,ftp://ftp.ncbi.nlm.nih.gov/genomes/all/GCF/902/386/905/GCF_902386905.1_UHGG_MGYG-HGUT-02418/GCF_902386905.1_UHGG_MGYG-HGUT-02418_assembly_report.txt,ncbi assembly,,,,,,,
SAMEA5851954,Bacteroidales bacterium (CFB group bacteria),Bacteroidales bacterium,63244,Illumina,ftp://ftp.ncbi.nlm.nih.gov/genomes/all/GCA/902/387/335/GCA_902387335.1_UHGG_MGYG-HGUT-02449,ftp://ftp.ncbi.nlm.nih.gov/genomes/all/GCF/902/387/335/GCF_902387335.1_UHGG_MGYG-HGUT-02449/GCF_902387335.1_UHGG_MGYG-HGUT-02449_assembly_report.txt,ncbi assembly,,,,,,,
SAMEA5853207,Bacteroidales bacterium (CFB group bacteria),Bacteroidales bacterium,315047,Illumina,ftp://ftp.ncbi.nlm.nih.gov/genomes/all/GCA/902/399/985/GCA_902399985.1_UHGG_MGYG-HGUT-03701,ftp://ftp.ncbi.nlm.nih.gov/genomes/all/GCF/902/399/985/GCF_902399985.1_UHGG_MGYG-HGUT-03701/GCF_902399985.1_UHGG_MGYG-HGUT-03701_assembly_report.txt,ncbi assembly,,,,,,,
SAMEA5925561,Bacteroidales bacterium,,189332,HiSeq X Ten,,,allthebacteria,HiSeq X Ten paired end sequencing,ERR4808471,ERZ25300692,1.0,2217992.0,31.0,5.0
SAMEA5925563,Bacteroidales bacterium,,94040,HiSeq X Ten,,,allthebacteria,HiSeq X Ten paired end sequencing,ERR4808473,ERZ25300719,1.0,4389921.0,149.0,13.0
SAMEA5925564,Bacteroidales bacterium,,94039,HiSeq X Ten,,,allthebacteria,HiSeq X Ten paired end sequencing,ERR4808474,ERZ25300723,1.0,4385462.0,142.0,12.0
SAMEA80360668,Bacteroidales bacterium,,66016,Illumina HiSeq 2500,,,allthebacteria,Illumina HiSeq 2500 paired end sequencing,ERR2397405,ERZ4073693,1.0,2873376.0,97.0,13.0
SAMEA8801247,Bacteroidales bacterium (CFB group bacteria),Bacteroidales bacterium,107593,Illumina HiSeq X 10,ftp://ftp.ncbi.nlm.nih.gov/genomes/all/GCA/910/574/375/GCA_910574375.1_MGBC000004,ftp://ftp.ncbi.nlm.nih.gov/genomes/all/GCA/910/574/375/GCA_910574375.1_MGBC000004/GCA_910574375.1_MGBC000004_assembly_report.txt,ncbi assembly,,,,,,,
SAMEA8801255,Bacteroidales bacterium (CFB group bacteria),Bacteroidales bacterium,117995,Illumina HiSeq X 10,ftp://ftp.ncbi.nlm.nih.gov/genomes/all/GCA/910/574/525/GCA_910574525.1_MGBC000012,ftp://ftp.ncbi.nlm.nih.gov/genomes/all/GCA/910/574/525/GCA_910574525.1_MGBC000012/GCA_910574525.1_MGBC000012_assembly_report.txt,ncbi assembly,,,,,,,
SAMEA8801268,Bacteroidales bacterium (CFB group bacteria),Bacteroidales bacterium,97058,Illumina HiSeq X 10,ftp://ftp.ncbi.nlm.nih.gov/genomes/all/GCA/910/574/175/GCA_910574175.1_MGBC000025,ftp://ftp.ncbi.nlm.nih.gov/genomes/all/GCA/910/574/175/GCA_910574175.1_MGBC000025/GCA_910574175.1_MGBC000025_assembly_report.txt,ncbi assembly,,,,,,,
SAMEA8801285,Bacteroidales bacterium (CFB group bacteria),Bacteroidales bacterium,86156,Illumina HiSeq X 10,ftp://ftp.ncbi.nlm.nih.gov/genomes/all/GCA/910/573/805/GCA_910573805.1_MGBC000044,ftp://ftp.ncbi.nlm.nih.gov/genomes/all/GCA/910/573/805/GCA_910573805.1_MGBC000044/GCA_910573805.1_MGBC000044_assembly_report.txt,ncbi assembly,,,,,,,
SAMEA8801293,Bacteroidales bacterium (CFB group bacteria),Bacteroidales bacterium,118185,Illumina HiSeq X 10,ftp://ftp.ncbi.nlm.nih.gov/genomes/all/GCA/910/574/235/GCA_910574235.1_MGBC000052,ftp://ftp.ncbi.nlm.nih.gov/genomes/all/GCA/910/574/235/GCA_910574235.1_MGBC000052/GCA_910574235.1_MGBC000052_assembly_report.txt,ncbi assembly,,,,,,,
SAMEA8801294,Bacteroidales bacterium (CFB group bacteria),Bacteroidales bacterium,86171,Illumina HiSeq X 10,ftp://ftp.ncbi.nlm.nih.gov/genomes/all/GCA/910/573/865/GCA_910573865.1_MGBC000053,ftp://ftp.ncbi.nlm.nih.gov/genomes/all/GCA/910/573/865/GCA_910573865.1_MGBC000053/GCA_910573865.1_MGBC000053_assembly_report.txt,ncbi assembly,,,,,,,
SAMEA8801313,Bacteroidales bacterium (CFB group bacteria),Bacteroidales bacterium,462929,Illumina HiSeq X 10,ftp://ftp.ncbi.nlm.nih.gov/genomes/all/GCA/910/574/205/GCA_910574205.1_MGBC000073,ftp://ftp.ncbi.nlm.nih.gov/genomes/all/GCA/910/574/205/GCA_910574205.1_MGBC000073/GCA_910574205.1_MGBC000073_assembly_report.txt,ncbi assembly,,,,,,,
SAMEA8801329,Bacteroidales bacterium (CFB group bacteria),Bacteroidales bacterium,68579,Illumina HiSeq X 10,ftp://ftp.ncbi.nlm.nih.gov/genomes/all/GCA/910/575/045/GCA_910575045.1_MGBC000091,ftp://ftp.ncbi.nlm.nih.gov/genomes/all/GCA/910/575/045/GCA_910575045.1_MGBC000091/GCA_910575045.1_MGBC000091_assembly_report.txt,ncbi assembly,,,,,,,
SAMEA8801393,Bacteroidales bacterium (CFB group bacteria),Bacteroidales bacterium,116282,Illumina HiSeq X 10,ftp://ftp.ncbi.nlm.nih.gov/genomes/all/GCA/910/575/615/GCA_910575615.1_MGBC000159,ftp://ftp.ncbi.nlm.nih.gov/genomes/all/GCA/910/575/615/GCA_910575615.1_MGBC000159/GCA_910575615.1_MGBC000159_assembly_report.txt,ncbi assembly,,,,,,,
SAMEA8801394,Bacteroidales bacterium (CFB group bacteria),Bacteroidales bacterium,89152,Illumina HiSeq X 10,ftp://ftp.ncbi.nlm.nih.gov/genomes/all/GCA/910/575/545/GCA_910575545.1_MGBC000160,ftp://ftp.ncbi.nlm.nih.gov/genomes/all/GCA/910/575/545/GCA_910575545.1_MGBC000160/GCA_910575545.1_MGBC000160_assembly_report.txt,ncbi assembly,,,,,,,
SAMEA8801396,Bacteroidales bacterium (CFB group bacteria),Bacteroidales bacterium,294153,Illumina HiSeq X 10,ftp://ftp.ncbi.nlm.nih.gov/genomes/all/GCA/910/575/525/GCA_910575525.1_MGBC000162,ftp://ftp.ncbi.nlm.nih.gov/genomes/all/GCA/910/575/525/GCA_910575525.1_MGBC000162/GCA_910575525.1_MGBC000162_assembly_report.txt,ncbi assembly,,,,,,,
SAMEA8801425,Bacteroidales bacterium (CFB group bacteria),Bacteroidales bacterium,294335,Illumina HiSeq X 10,ftp://ftp.ncbi.nlm.nih.gov/genomes/all/GCA/910/575/495/GCA_910575495.1_MGBC000192,ftp://ftp.ncbi.nlm.nih.gov/genomes/all/GCA/910/575/495/GCA_910575495.1_MGBC000192/GCA_910575495.1_MGBC000192_assembly_report.txt,ncbi assembly,,,,,,,
SAMEA8801427,Bacteroidales bacterium (CFB group bacteria),Bacteroidales bacterium,97165,Illumina HiSeq X 10,ftp://ftp.ncbi.nlm.nih.gov/genomes/all/GCA/910/575/885/GCA_910575885.1_MGBC000194,ftp://ftp.ncbi.nlm.nih.gov/genomes/all/GCA/910/575/885/GCA_910575885.1_MGBC000194/GCA_910575885.1_MGBC000194_assembly_report.txt,ncbi assembly,,,,,,,
SAMEA8801428,Bacteroidales bacterium (CFB group bacteria),Bacteroidales bacterium,89363,Illumina HiSeq X 10,ftp://ftp.ncbi.nlm.nih.gov/genomes/all/GCA/910/575/915/GCA_910575915.1_MGBC000195,ftp://ftp.ncbi.nlm.nih.gov/genomes/all/GCA/910/575/915/GCA_910575915.1_MGBC000195/GCA_910575915.1_MGBC000195_assembly_report.txt,ncbi assembly,,,,,,,
SAMN00103205,Segatella buccae D17,,679,454 GS FLX,,,allthebacteria,Human Microbiome Jumpstart Project,"SRR022548,SRR138299",ERZ9430643,1.0,318645.0,479.0,150.0
SAMN00103205,Segatella buccae D17,,679,454 GS FLX,,,allthebacteria,Human Microbiome Jumpstart Project,"SRR022548,SRR138299",ERZ9430643,1.0,318645.0,479.0,150.0
SAMN00103205,Segatella buccae D17,,679,454 GS FLX,,,allthebacteria,Human Microbiome Jumpstart Project,"SRR022548,SRR138299",ERZ9430643,1.0,318645.0,479.0,150.0
SAMN00216833,Segatella buccae ATCC 33574 (CFB group bacteria),Segatella buccae,117356,454,ftp://ftp.ncbi.nlm.nih.gov/genomes/all/GCA/000/184/945/GCA_000184945.1_ASM18494v1,ftp://ftp.ncbi.nlm.nih.gov/genomes/all/GCF/000/184/945/GCF_000184945.1_ASM18494v1/GCF_000184945.1_ASM18494v1_assembly_report.txt,ncbi assembly,,,,,,,
SAMN02463748,Segatella buccae D17 (CFB group bacteria),Segatella buccae,22172,,ftp://ftp.ncbi.nlm.nih.gov/genomes/all/GCA/000/162/455/GCA_000162455.1_ASM16245v1,ftp://ftp.ncbi.nlm.nih.gov/genomes/all/GCF/000/162/455/GCF_000162455.1_ASM16245v1/GCF_000162455.1_ASM16245v1_assembly_report.txt,ncbi assembly,,,,,,,
SAMN02463902,Bergeyella zoohelcum ATCC 43767 (CFB group bacteria),Bergeyella zoohelcum,184774,Illumina,ftp://ftp.ncbi.nlm.nih.gov/genomes/all/GCA/000/301/075/GCA_000301075.1_Berg_zooh_ATCC_43767_V1,ftp://ftp.ncbi.nlm.nih.gov/genomes/all/GCF/000/301/075/GCF_000301075.1_Berg_zooh_ATCC_43767_V1/GCF_000301075.1_Berg_zooh_ATCC_43767_V1_assembly_report.txt,ncbi assembly,,,,,,,
SAMN02463903,Bergeyella zoohelcum CCUG 30536 (CFB group bacteria),Bergeyella zoohelcum,202320,Illumina,ftp://ftp.ncbi.nlm.nih.gov/genomes/all/GCA/000/301/095/GCA_000301095.1_Berg_zooh_CCUG_30536_V1,ftp://ftp.ncbi.nlm.nih.gov/genomes/all/GCF/000/301/095/GCF_000301095.1_Berg_zooh_CCUG_30536_V1/GCF_000301095.1_Berg_zooh_CCUG_30536_V1_assembly_report.txt,ncbi assembly,,,,,,,
SAMN02744876,Bacteroidales bacterium PSC KfJoeBact2-1,,17317,Illumina HiSeq 2000,,,allthebacteria,Whole Genome Sequencing of Bacteroidales bacterium PSC KfJoeBact2-1,SRR1797559,ERZ4033611,1.0,6427612.0,2281.0,100.0
SAMN02745039,Bacteroidales bacterium PSC KfJoeBact2-3,,8494,Illumina HiSeq 2000,,,allthebacteria,Whole Genome Sequencing of Bacteroidales bacterium PSC KfJoeBact2-3,SRR1797572,ERZ4033641,1.0,8271403.0,4064.0,211.0
SAMN02745715,Bacteroidales bacterium PSC KfJoeBact1-1,,2608,Illumina HiSeq 2000,,,allthebacteria,Whole Genome Sequencing of Bacteroidales bacterium PSC KfJoeBact1-1,SRR1797336,ERZ4034181,1.0,5558755.0,5132.0,558.0
SAMN03197167,Segatella buccae,,17284,Illumina HiSeq 2000,,,allthebacteria,Whole genome seq of Prevotella denticola clinical isolate: Sample 1205_PDEN,SRR1655399,ERZ4092738,1.0,3128327.0,355.0,50.0
SAMN03284260,Prevotella pectinovora (CFB group bacteria),Prevotella pectinovora,85983,Illumina MiSeq,ftp://ftp.ncbi.nlm.nih.gov/genomes/all/GCA/000/833/955/GCA_000833955.1_ASM83395v1,ftp://ftp.ncbi.nlm.nih.gov/genomes/all/GCF/000/833/955/GCF_000833955.1_ASM83395v1/GCF_000833955.1_ASM83395v1_assembly_report.txt,ncbi assembly,,,,,,,
SAMN03284261,Prevotella pectinovora (CFB group bacteria),Prevotella pectinovora,104660,Illumina MiSeq,ftp://ftp.ncbi.nlm.nih.gov/genomes/all/GCA/000/834/015/GCA_000834015.1_ASM83401v1,ftp://ftp.ncbi.nlm.nih.gov/genomes/all/GCF/000/834/015/GCF_000834015.1_ASM83401v1/GCF_000834015.1_ASM83401v1_assembly_report.txt,ncbi assembly,,,,,,,
SAMN03284262,Prevotella pectinovora (CFB group bacteria),Prevotella pectinovora,32360,Illumina MiSeq,ftp://ftp.ncbi.nlm.nih.gov/genomes/all/GCA/000/834/035/GCA_000834035.1_ASM83403v1,ftp://ftp.ncbi.nlm.nih.gov/genomes/all/GCF/000/834/035/GCF_000834035.1_ASM83403v1/GCF_000834035.1_ASM83403v1_assembly_report.txt,ncbi assembly,,,,,,,
SAMN03284263,Prevotella pectinovora (CFB group bacteria),Prevotella pectinovora,115829,Illumina MiSeq,ftp://ftp.ncbi.nlm.nih.gov/genomes/all/GCA/000/833/975/GCA_000833975.1_ASM83397v1,ftp://ftp.ncbi.nlm.nih.gov/genomes/all/GCF/000/833/975/GCF_000833975.1_ASM83397v1/GCF_000833975.1_ASM83397v1_assembly_report.txt,ncbi assembly,,,,,,,
SAMN03284264,Prevotella pectinovora (CFB group bacteria),Prevotella pectinovora,86964,Illumina MiSeq,ftp://ftp.ncbi.nlm.nih.gov/genomes/all/GCA/000/833/995/GCA_000833995.1_ASM83399v1,ftp://ftp.ncbi.nlm.nih.gov/genomes/all/GCF/000/833/995/GCF_000833995.1_ASM83399v1/GCF_000833995.1_ASM83399v1_assembly_report.txt,ncbi assembly,,,,,,,
SAMN05216518,Bacteroidales bacterium KHT7,,98648,Illumina HiSeq 2500,,,allthebacteria,Bacteroidales bacterium KHT7,SRR4228318,ERZ9467002,1.0,3811303.0,103.0,13.0
SAMN06298214,Bacteroidales bacterium WCE2004,,799023,Illumina HiSeq 2500,,,allthebacteria,Bacteroidales bacterium WCE2004,SRR5450896,ERZ5054466,1.0,2323944.0,10.0,2.0
SAMN06298215,Bacteroidales bacterium WCE2008,,471659,Illumina HiSeq 2500,,,allthebacteria,Bacteroidales bacterium WCE2008,SRR5450876,ERZ5054462,1.0,2389259.0,15.0,3.0
SAMN06452489,Bacteroidales bacterium UBA1187,,52543,Illumina HiSeq 2000,,,allthebacteria,Bacteroidales bacterium UBA1187,SRR5324866,ERZ5081701,1.0,1795606.0,215.0,10.0
SAMN06452492,Bacteroidales bacterium UBA1184,,84336,Illumina HiSeq 2000,,,allthebacteria,Bacteroidales bacterium UBA1184,SRR5324852,ERZ5081702,1.0,2983722.0,358.0,11.0
SAMN06452494,Bacteroidales bacterium UBA1182,,39055,Illumina HiSeq 2000,,,allthebacteria,Bacteroidales bacterium UBA1182,SRR5324826,ERZ5081712,1.0,2640846.0,297.0,20.0
SAMN06452495,Bacteroidales bacterium UBA1181,,101183,Illumina HiSeq 2000,,,allthebacteria,Bacteroidales bacterium UBA1181,SRR5324815,ERZ5081707,1.0,3435340.0,93.0,9.0
SAMN06452496,Bacteroidales bacterium UBA1180,,113237,Illumina HiSeq 2000,,,allthebacteria,Bacteroidales bacterium UBA1180,SRR5324814,ERZ5081743,1.0,1984068.0,77.0,7.0
SAMN06452498,Bacteroidales bacterium UBA1189,,83966,Illumina HiSeq 2000,,,allthebacteria,Bacteroidales bacterium UBA1189,SRR5324882,ERZ5081729,1.0,3229438.0,174.0,14.0
SAMN06453210,Bacteroidales bacterium UBA1800,,105159,Illumina HiSeq 2000,,,allthebacteria,Bacteroidales bacterium UBA1800,SRR5325177,ERZ5081734,1.0,3775352.0,96.0,13.0
SAMN06453555,Bacteroidales bacterium UBA1797,,59370,Illumina HiSeq 2000,,,allthebacteria,Bacteroidales bacterium UBA1797,SRR5325173,ERZ5081774,1.0,4539598.0,351.0,22.0
SAMN06453742,Bacteroidales bacterium UBA4133,,29073,Illumina HiSeq 2000,,,allthebacteria,Bacteroidales bacterium UBA4133,SRR5325190,ERZ5081781,1.0,2817413.0,183.0,32.0
SAMN06453952,Bacteroidales bacterium UBA1309,,142312,Illumina HiSeq 2000,,,allthebacteria,Bacteroidales bacterium UBA1309,SRR5325155,ERZ5081776,1.0,3596816.0,72.0,10.0
SAMN06453969,Bacteroidales bacterium UBA5822,,73856,Illumina HiSeq 2000,,,allthebacteria,Bacteroidales bacterium UBA5822,SRR5323587,ERZ5081797,1.0,3072513.0,93.0,15.0
SAMN06454619,Bacteroidales bacterium UBA1237,,10561,Illumina HiSeq 2000,,,allthebacteria,Bacteroidales bacterium UBA1237,SRR5324855,ERZ5081868,1.0,2391524.0,395.0,63.0
SAMN06454747,Bacteroidales bacterium UBA1204,,17267,Illumina HiSeq 2000,,,allthebacteria,Bacteroidales bacterium UBA1204,SRR5324816,ERZ5081872,1.0,2516283.0,692.0,45.0
SAMN06454748,Bacteroidales bacterium UBA1205,,43092,Illumina HiSeq 2000,,,allthebacteria,Bacteroidales bacterium UBA1205,SRR5324817,ERZ5081870,1.0,2328162.0,145.0,15.0
SAMN06454757,Bacteroidales bacterium UBA1208,,35042,Illumina HiSeq 2000,,,allthebacteria,Bacteroidales bacterium UBA1208,SRR5324820,ERZ5081896,1.0,2849674.0,414.0,28.0
SAMN06454890,Bacteroidales bacterium UBA3053,,25068,Illumina Genome Analyzer II,,,allthebacteria,Bacteroidales bacterium UBA3053,SRR5324804,ERZ5081929,1.0,2013452.0,308.0,28.0
SAMN06454891,Bacteroidales bacterium UBA3052,,10026,Illumina Genome Analyzer II,,,allthebacteria,Bacteroidales bacterium UBA3052,SRR5324800,ERZ5081936,1.0,2521195.0,489.0,80.0
SAMN06454894,Bacteroidales bacterium UBA3057,,2153,Illumina Genome Analyzer II,,,allthebacteria,Bacteroidales bacterium UBA3057,SRR5324802,ERZ5081950,1.0,2330930.0,1488.0,349.0
SAMN06454899,Bacteroidales bacterium UBA3058,,3935,Illumina Genome Analyzer II,,,allthebacteria,Bacteroidales bacterium UBA3058,SRR5324803,ERZ5081952,1.0,1528111.0,606.0,109.0
SAMN06454988,Bacteroidales bacterium UBA1229,,97233,Illumina HiSeq 2000,,,allthebacteria,Bacteroidales bacterium UBA1229,SRR5324845,ERZ5081964,1.0,3742324.0,116.0,14.0
SAMN06454994,Bacteroidales bacterium UBA1223,,35229,Illumina HiSeq 2000,,,allthebacteria,Bacteroidales bacterium UBA1223,SRR5324838,ERZ5081979,1.0,1963009.0,179.0,17.0
SAMN06455220,Bacteroidales bacterium UBA1794,,69545,Illumina HiSeq 2000,,,allthebacteria,Bacteroidales bacterium UBA1794,SRR5325179,ERZ5082001,1.0,2012896.0,43.0,9.0
SAMN06456568,Bacteroidales bacterium UBA1195,,46710,Illumina HiSeq 2000,,,allthebacteria,Bacteroidales bacterium UBA1195,SRR5324898,ERZ5082151,1.0,2361848.0,129.0,18.0
SAMN06456570,Bacteroidales bacterium UBA1197,,39075,Illumina HiSeq 2000,,,allthebacteria,Bacteroidales bacterium UBA1197,SRR5324807,ERZ5082145,1.0,2144298.0,200.0,17.0
SAMN06456573,Bacteroidales bacterium UBA1192,,39564,Illumina HiSeq 2000,,,allthebacteria,Bacteroidales bacterium UBA1192,SRR5324892,ERZ5082159,1.0,2193676.0,199.0,16.0
SAMN06456577,Bacteroidales bacterium UBA1199,,36068,Illumina HiSeq 2000,,,allthebacteria,Bacteroidales bacterium UBA1199,SRR5324809,ERZ5082178,1.0,1399433.0,265.0,11.0
SAMN06457295,Bacteroidales bacterium UBA1217,,64138,Illumina HiSeq 2000,,,allthebacteria,Bacteroidales bacterium UBA1217,SRR5324831,ERZ5082261,1.0,2100229.0,151.0,13.0
SAMN06457296,Bacteroidales bacterium UBA1216,,51709,Illumina HiSeq 2000,,,allthebacteria,Bacteroidales bacterium UBA1216,SRR5324830,ERZ5082267,1.0,2256777.0,136.0,15.0
SAMN06457297,Bacteroidales bacterium UBA1215,,24667,Illumina HiSeq 2000,,,allthebacteria,Bacteroidales bacterium UBA1215,SRR5324829,ERZ5082259,1.0,1695613.0,138.0,21.0
SAMN06457307,Bacteroidales bacterium UBA1219,,46024,Illumina HiSeq 2000,,,allthebacteria,Bacteroidales bacterium UBA1219,SRR5324833,ERZ5082274,1.0,2627622.0,157.0,20.0
SAMN06457413,Bacteroidales bacterium UBA1178,,10918,Illumina HiSeq 2000,,,allthebacteria,Bacteroidales bacterium UBA1178,SRR5324877,ERZ5082286,1.0,1517771.0,263.0,41.0
SAMN06457414,Bacteroidales bacterium UBA1179,,19067,Illumina HiSeq 2000,,,allthebacteria,Bacteroidales bacterium UBA1179,SRR5324885,ERZ5082299,1.0,1953061.0,395.0,31.0
SAMN06457416,Bacteroidales bacterium UBA1173,,193322,Illumina HiSeq 2000,,,allthebacteria,Bacteroidales bacterium UBA1173,SRR5324805,ERZ5082294,1.0,2420885.0,69.0,4.0
SAMN06457419,Bacteroidales bacterium UBA1176,,65064,Illumina HiSeq 2000,,,allthebacteria,Bacteroidales bacterium UBA1176,SRR5324851,ERZ5082300,1.0,2718206.0,227.0,12.0
SAMN06457549,Bacteroidales bacterium UBA1232,,18829,Illumina HiSeq 2000,,,allthebacteria,Bacteroidales bacterium UBA1232,SRR5324848,ERZ5082329,1.0,1722841.0,204.0,31.0
SAMN06457612,Bacteroidales bacterium UBA1266,,7994,Illumina HiSeq 2000,,,allthebacteria,Bacteroidales bacterium UBA1266,SRR5324897,ERZ5082339,1.0,1505750.0,295.0,58.0
SAMN06457800,Bacteroidales bacterium UBA1253,,27445,Illumina HiSeq 2000,,,allthebacteria,Bacteroidales bacterium UBA1253,SRR5324875,ERZ5082372,1.0,1927110.0,166.0,26.0
SAMN06457805,Bacteroidales bacterium UBA1256,,22956,Illumina HiSeq 2000,,,allthebacteria,Bacteroidales bacterium UBA1256,SRR5324880,ERZ5082373,1.0,1540666.0,141.0,22.0
SAMN07501344,Bacteroidales bacterium JGI 000176CP_H02,,4365,NextSeq 500,,,allthebacteria,Bacteroidales bacterium JGI 000176CP_H02,SRR5947239,ERZ5161910,1.0,580969.0,335.0,41.0
SAMN07501451,Bacteroidales bacterium JGI 000170CP_C08,,6055,NextSeq 500,,,allthebacteria,Bacteroidales bacterium JGI 000170CP_C08,SRR5947278,ERZ5161948,1.0,956760.0,333.0,47.0
SAMN10878315,Bacteroidales bacterium,,131022,Illumina NovaSeq 6000,,,allthebacteria,"WGS of Bacteroidales bacterium, strain NM74_B14: murine gut isolate",SRR8986836,ERZ25581043,1.0,4866035.0,173.0,12.0
SAMN11366397,Bacteroidales bacterium,,177870,Illumina NovaSeq 6000,,,allthebacteria,"WGS of Bacteroidales bacterium, strain NM76_A32: murine gut isolate",SRR9049226,ERZ25569963,1.0,4833286.0,96.0,10.0
SAMN19926200,Segatella buccae,,157776,NextSeq 500,,,allthebacteria,WGS of Prevotella strains isolated from chronic lung disease,SRR14936375,ERZ25955009,1.0,3237207.0,122.0,8.0
SAMN29366176,Bacteroidales bacterium (CFB group bacteria),Bacteroidales bacterium,52858,Illumina NextSeq,ftp://ftp.ncbi.nlm.nih.gov/genomes/all/GCA/028/356/335/GCA_028356335.1_ASM2835633v1,ftp://ftp.ncbi.nlm.nih.gov/genomes/all/GCA/028/356/335/GCA_028356335.1_ASM2835633v1/GCA_028356335.1_ASM2835633v1_assembly_report.txt,ncbi assembly,,,,,,,
SAMN31809580,Segatella buccae (CFB group bacteria),Segatella buccae,156309,MGI,ftp://ftp.ncbi.nlm.nih.gov/genomes/all/GCA/027/696/975/GCA_027696975.1_ASM2769697v1,ftp://ftp.ncbi.nlm.nih.gov/genomes/all/GCF/027/696/975/GCF_027696975.1_ASM2769697v1/GCF_027696975.1_ASM2769697v1_assembly_report.txt,ncbi assembly,,,,,,,
SAMN31809581,Segatella buccae (CFB group bacteria),Segatella buccae,242965,MGI,ftp://ftp.ncbi.nlm.nih.gov/genomes/all/GCA/027/696/905/GCA_027696905.1_ASM2769690v1,ftp://ftp.ncbi.nlm.nih.gov/genomes/all/GCF/027/696/905/GCF_027696905.1_ASM2769690v1/GCF_027696905.1_ASM2769690v1_assembly_report.txt,ncbi assembly,,,,,,,
SAMN34894976,Segatella buccae,,261834,MinION,,,allthebacteria,PCR free Oxford Nanopore sequencing of genomic DNA from Prevotella-buccae-D17,SRR24651288,ERZ26490026,1.0,3332988.0,52.0,4.0
SAMN34894976,Segatella buccae,,261834,NextSeq 550,,,allthebacteria,Paired end Illumina sequencing of genomic DNA from Prevotella-buccae-D17,SRR24651288,ERZ26490026,1.0,3332988.0,52.0,4.0
